{"cameraMode":{"drawMode":0,"name":"Shaded","section":"Shading Mode"},"sceneLighting":true,"audioPlay":false,"sceneViewState":{"showFog":true,"showMaterialUpdate":false,"showSkybox":true,"showFlares":true,"showImageEffects":true,"showParticleSystems":true},"in2DMode":false,"pivot":{"x":-0.994866669178009,"y":3.160466432571411,"z":0.1561838984489441},"rotation":{"x":0.11800426989793778,"y":0.022648585960268976,"z":-0.002694508293643594,"w":0.9927594065666199},"size":6.427113056182861,"orthographic":false}